name,setting,seed,fold,fold_f1,fold_th
H12-1 full,"char_wb(1,3)",0,0,0.5882352941176471,0.22999999999999993
H12-1 full,"char_wb(1,3)",0,1,0.651685393258427,0.2949999999999999
H12-1 full,"char_wb(1,3)",0,2,0.5581395348837209,0.2749999999999999
H12-1 full,"char_wb(1,3)",0,3,0.55,0.27999999999999986
H12-1 full,"char_wb(1,3)",0,4,0.6458333333333334,0.22999999999999993
H12-1 full,"char_wb(1,3)",1,0,0.6086956521739131,0.2549999999999999
H12-1 full,"char_wb(1,3)",1,1,0.5934065934065934,0.2549999999999999
H12-1 full,"char_wb(1,3)",1,2,0.575,0.32999999999999985
H12-1 full,"char_wb(1,3)",1,3,0.6373626373626373,0.21999999999999992
H12-1 full,"char_wb(1,3)",1,4,0.6133333333333333,0.33999999999999986
H12-1 full,"char_wb(1,3)",2,0,0.5974025974025974,0.31499999999999984
H12-1 full,"char_wb(1,3)",2,1,0.5866666666666667,0.3049999999999999
H12-1 full,"char_wb(1,3)",2,2,0.6197183098591549,0.32999999999999985
H12-1 full,"char_wb(1,3)",2,3,0.5714285714285714,0.22499999999999992
H12-1 full,"char_wb(1,3)",2,4,0.6585365853658537,0.2949999999999999
H12-1 full,"char_wb(1,3)",3,0,0.5882352941176471,0.2599999999999999
H12-1 full,"char_wb(1,3)",3,1,0.5192307692307693,0.22999999999999993
H12-1 full,"char_wb(1,3)",3,2,0.627906976744186,0.2649999999999999
H12-1 full,"char_wb(1,3)",3,3,0.6933333333333334,0.3099999999999999
H12-1 full,"char_wb(1,3)",3,4,0.5882352941176471,0.33999999999999986
H12-1 full,"char_wb(1,3)",4,0,0.5714285714285714,0.2549999999999999
H12-1 full,"char_wb(1,3)",4,1,0.6185567010309279,0.24499999999999988
H12-1 full,"char_wb(1,3)",4,2,0.5346534653465347,0.2499999999999999
H12-1 full,"char_wb(1,3)",4,3,0.6329113924050633,0.34499999999999986
H12-1 full,"char_wb(1,3)",4,4,0.7323943661971831,0.34499999999999986
H12-2 current,"char_wb(1,3)",0,0,0.5925925925925926,0.2149999999999999
H12-2 current,"char_wb(1,3)",0,1,0.6530612244897959,0.2549999999999999
H12-2 current,"char_wb(1,3)",0,2,0.6301369863013698,0.3099999999999999
H12-2 current,"char_wb(1,3)",0,3,0.5675675675675675,0.2999999999999999
H12-2 current,"char_wb(1,3)",0,4,0.6346153846153846,0.21999999999999992
H12-2 current,"char_wb(1,3)",1,0,0.65,0.28999999999999987
H12-2 current,"char_wb(1,3)",1,1,0.6027397260273972,0.32499999999999984
H12-2 current,"char_wb(1,3)",1,2,0.575,0.31499999999999984
H12-2 current,"char_wb(1,3)",1,3,0.6428571428571429,0.2549999999999999
H12-2 current,"char_wb(1,3)",1,4,0.6133333333333333,0.31499999999999984
H12-2 current,"char_wb(1,3)",2,0,0.6197183098591549,0.31999999999999984
H12-2 current,"char_wb(1,3)",2,1,0.5974025974025974,0.2949999999999999
H12-2 current,"char_wb(1,3)",2,2,0.6301369863013698,0.2999999999999999
H12-2 current,"char_wb(1,3)",2,3,0.5818181818181818,0.22999999999999993
H12-2 current,"char_wb(1,3)",2,4,0.6419753086419753,0.2999999999999999
H12-2 current,"char_wb(1,3)",3,0,0.5813953488372093,0.2999999999999999
H12-2 current,"char_wb(1,3)",3,1,0.5102040816326531,0.2499999999999999
H12-2 current,"char_wb(1,3)",3,2,0.5945945945945946,0.3049999999999999
H12-2 current,"char_wb(1,3)",3,3,0.6829268292682927,0.27999999999999986
H12-2 current,"char_wb(1,3)",3,4,0.5945945945945946,0.3049999999999999
H12-2 current,"char_wb(1,3)",4,0,0.5609756097560976,0.2649999999999999
H12-2 current,"char_wb(1,3)",4,1,0.6097560975609756,0.28999999999999987
H12-2 current,"char_wb(1,3)",4,2,0.5396825396825397,0.32999999999999985
H12-2 current,"char_wb(1,3)",4,3,0.6,0.31499999999999984
H12-2 current,"char_wb(1,3)",4,4,0.7631578947368421,0.3099999999999999
H12-3 future,"char_wb(1,3)",0,0,0.594059405940594,0.24499999999999988
H12-3 future,"char_wb(1,3)",0,1,0.6666666666666666,0.3099999999999999
H12-3 future,"char_wb(1,3)",0,2,0.5252525252525253,0.23499999999999993
H12-3 future,"char_wb(1,3)",0,3,0.5454545454545454,0.22999999999999993
H12-3 future,"char_wb(1,3)",0,4,0.6285714285714286,0.2099999999999999
H12-3 future,"char_wb(1,3)",1,0,0.6111111111111112,0.34499999999999986
H12-3 future,"char_wb(1,3)",1,1,0.6,0.2949999999999999
H12-3 future,"char_wb(1,3)",1,2,0.5411764705882353,0.3099999999999999
H12-3 future,"char_wb(1,3)",1,3,0.6046511627906976,0.23499999999999993
H12-3 future,"char_wb(1,3)",1,4,0.6086956521739131,0.3499999999999998
H12-3 future,"char_wb(1,3)",2,0,0.5822784810126582,0.3099999999999999
H12-3 future,"char_wb(1,3)",2,1,0.5641025641025641,0.2749999999999999
H12-3 future,"char_wb(1,3)",2,2,0.6176470588235294,0.34499999999999986
H12-3 future,"char_wb(1,3)",2,3,0.5714285714285714,0.23999999999999988
H12-3 future,"char_wb(1,3)",2,4,0.6571428571428571,0.3549999999999998
H12-3 future,"char_wb(1,3)",3,0,0.5961538461538461,0.2549999999999999
H12-3 future,"char_wb(1,3)",3,1,0.5046728971962616,0.2149999999999999
H12-3 future,"char_wb(1,3)",3,2,0.6,0.24499999999999988
H12-3 future,"char_wb(1,3)",3,3,0.7105263157894737,0.31499999999999984
H12-3 future,"char_wb(1,3)",3,4,0.5882352941176471,0.31999999999999984
H12-3 future,"char_wb(1,3)",4,0,0.5365853658536586,0.28499999999999986
H12-3 future,"char_wb(1,3)",4,1,0.6236559139784946,0.2499999999999999
H12-3 future,"char_wb(1,3)",4,2,0.5494505494505495,0.2599999999999999
H12-3 future,"char_wb(1,3)",4,3,0.6301369863013698,0.36999999999999983
H12-3 future,"char_wb(1,3)",4,4,0.7272727272727273,0.2999999999999999
H12-4 current|future,"char_wb(1,3)",0,0,0.584070796460177,0.17999999999999994
H12-4 current|future,"char_wb(1,3)",0,1,0.6666666666666666,0.3599999999999998
H12-4 current|future,"char_wb(1,3)",0,2,0.5789473684210527,0.3099999999999999
H12-4 current|future,"char_wb(1,3)",0,3,0.5405405405405406,0.3099999999999999
H12-4 current|future,"char_wb(1,3)",0,4,0.6464646464646465,0.21999999999999992
H12-4 current|future,"char_wb(1,3)",1,0,0.627906976744186,0.2749999999999999
H12-4 current|future,"char_wb(1,3)",1,1,0.6213592233009708,0.2099999999999999
H12-4 current|future,"char_wb(1,3)",1,2,0.5714285714285714,0.31999999999999984
H12-4 current|future,"char_wb(1,3)",1,3,0.6666666666666666,0.23999999999999988
H12-4 current|future,"char_wb(1,3)",1,4,0.5974025974025974,0.33499999999999985
H12-4 current|future,"char_wb(1,3)",2,0,0.5866666666666667,0.33999999999999986
H12-4 current|future,"char_wb(1,3)",2,1,0.575,0.2699999999999999
H12-4 current|future,"char_wb(1,3)",2,2,0.647887323943662,0.34499999999999986
H12-4 current|future,"char_wb(1,3)",2,3,0.5714285714285714,0.23499999999999993
H12-4 current|future,"char_wb(1,3)",2,4,0.65,0.3049999999999999
H12-4 current|future,"char_wb(1,3)",3,0,0.5849056603773585,0.22999999999999993
H12-4 current|future,"char_wb(1,3)",3,1,0.5135135135135135,0.32999999999999985
H12-4 current|future,"char_wb(1,3)",3,2,0.6190476190476191,0.2599999999999999
H12-4 current|future,"char_wb(1,3)",3,3,0.6842105263157895,0.31499999999999984
H12-4 current|future,"char_wb(1,3)",3,4,0.5974025974025974,0.28499999999999986
H12-4 current|future,"char_wb(1,3)",4,0,0.5581395348837209,0.2549999999999999
H12-4 current|future,"char_wb(1,3)",4,1,0.6122448979591837,0.22499999999999992
H12-4 current|future,"char_wb(1,3)",4,2,0.5384615384615384,0.22999999999999993
H12-4 current|future,"char_wb(1,3)",4,3,0.6097560975609756,0.31499999999999984
H12-4 current|future,"char_wb(1,3)",4,4,0.7567567567567568,0.32999999999999985
H12-5 full|future,"char_wb(1,3)",0,0,0.5825242718446602,0.2049999999999999
H12-5 full|future,"char_wb(1,3)",0,1,0.6744186046511628,0.32999999999999985
H12-5 full|future,"char_wb(1,3)",0,2,0.5393258426966292,0.2549999999999999
H12-5 full|future,"char_wb(1,3)",0,3,0.5567010309278351,0.21999999999999992
H12-5 full|future,"char_wb(1,3)",0,4,0.6451612903225806,0.22499999999999992
H12-5 full|future,"char_wb(1,3)",1,0,0.6153846153846154,0.3099999999999999
H12-5 full|future,"char_wb(1,3)",1,1,0.6,0.2149999999999999
H12-5 full|future,"char_wb(1,3)",1,2,0.5542168674698795,0.32999999999999985
H12-5 full|future,"char_wb(1,3)",1,3,0.6352941176470588,0.23499999999999993
H12-5 full|future,"char_wb(1,3)",1,4,0.6197183098591549,0.36999999999999983
H12-5 full|future,"char_wb(1,3)",2,0,0.5897435897435898,0.31999999999999984
H12-5 full|future,"char_wb(1,3)",2,1,0.5714285714285714,0.2949999999999999
H12-5 full|future,"char_wb(1,3)",2,2,0.6301369863013698,0.33999999999999986
H12-5 full|future,"char_wb(1,3)",2,3,0.5614035087719298,0.1999999999999999
H12-5 full|future,"char_wb(1,3)",2,4,0.6571428571428571,0.36999999999999983
H12-5 full|future,"char_wb(1,3)",3,0,0.5742574257425742,0.2549999999999999
H12-5 full|future,"char_wb(1,3)",3,1,0.5205479452054794,0.32999999999999985
H12-5 full|future,"char_wb(1,3)",3,2,0.6172839506172839,0.2949999999999999
H12-5 full|future,"char_wb(1,3)",3,3,0.7027027027027027,0.32499999999999984
H12-5 full|future,"char_wb(1,3)",3,4,0.6075949367088608,0.2699999999999999
H12-5 full|future,"char_wb(1,3)",4,0,0.5542168674698795,0.2649999999999999
H12-5 full|future,"char_wb(1,3)",4,1,0.6262626262626263,0.2149999999999999
H12-5 full|future,"char_wb(1,3)",4,2,0.5510204081632653,0.23999999999999988
H12-5 full|future,"char_wb(1,3)",4,3,0.625,0.34499999999999986
H12-5 full|future,"char_wb(1,3)",4,4,0.7297297297297297,0.33499999999999985
H12-6 full|current|future,"char_wb(1,3)",0,0,0.5925925925925926,0.17999999999999994
H12-6 full|current|future,"char_wb(1,3)",0,1,0.6588235294117647,0.33499999999999985
H12-6 full|current|future,"char_wb(1,3)",0,2,0.5641025641025641,0.2999999999999999
H12-6 full|current|future,"char_wb(1,3)",0,3,0.5405405405405406,0.3049999999999999
H12-6 full|current|future,"char_wb(1,3)",0,4,0.6530612244897959,0.1999999999999999
H12-6 full|current|future,"char_wb(1,3)",1,0,0.6206896551724138,0.2649999999999999
H12-6 full|current|future,"char_wb(1,3)",1,1,0.62,0.2099999999999999
H12-6 full|current|future,"char_wb(1,3)",1,2,0.5647058823529412,0.31999999999999984
H12-6 full|current|future,"char_wb(1,3)",1,3,0.6511627906976745,0.22499999999999992
H12-6 full|current|future,"char_wb(1,3)",1,4,0.5974025974025974,0.32999999999999985
H12-6 full|current|future,"char_wb(1,3)",2,0,0.6027397260273972,0.3549999999999998
H12-6 full|current|future,"char_wb(1,3)",2,1,0.5789473684210527,0.28999999999999987
H12-6 full|current|future,"char_wb(1,3)",2,2,0.6301369863013698,0.32499999999999984
H12-6 full|current|future,"char_wb(1,3)",2,3,0.5714285714285714,0.34499999999999986
H12-6 full|current|future,"char_wb(1,3)",2,4,0.6511627906976745,0.2649999999999999
H12-6 full|current|future,"char_wb(1,3)",3,0,0.5833333333333334,0.28499999999999986
H12-6 full|current|future,"char_wb(1,3)",3,1,0.5274725274725275,0.2499999999999999
H12-6 full|current|future,"char_wb(1,3)",3,2,0.6190476190476191,0.2699999999999999
H12-6 full|current|future,"char_wb(1,3)",3,3,0.7088607594936709,0.28999999999999987
H12-6 full|current|future,"char_wb(1,3)",3,4,0.5974025974025974,0.2699999999999999
H12-6 full|current|future,"char_wb(1,3)",4,0,0.5714285714285714,0.2549999999999999
H12-6 full|current|future,"char_wb(1,3)",4,1,0.6185567010309279,0.22499999999999992
H12-6 full|current|future,"char_wb(1,3)",4,2,0.5494505494505495,0.2499999999999999
H12-6 full|current|future,"char_wb(1,3)",4,3,0.625,0.33999999999999986
H12-6 full|current|future,"char_wb(1,3)",4,4,0.7272727272727273,0.31999999999999984
H12-1 full,"char(2,6)",0,0,0.5925925925925926,0.2099999999999999
H12-1 full,"char(2,6)",0,1,0.6506024096385542,0.3099999999999999
H12-1 full,"char(2,6)",0,2,0.5555555555555556,0.31999999999999984
H12-1 full,"char(2,6)",0,3,0.5526315789473685,0.27999999999999986
H12-1 full,"char(2,6)",0,4,0.6458333333333334,0.22499999999999992
H12-1 full,"char(2,6)",1,0,0.6285714285714286,0.32999999999999985
H12-1 full,"char(2,6)",1,1,0.5974025974025974,0.3099999999999999
H12-1 full,"char(2,6)",1,2,0.5641025641025641,0.31999999999999984
H12-1 full,"char(2,6)",1,3,0.6444444444444445,0.22499999999999992
H12-1 full,"char(2,6)",1,4,0.6216216216216216,0.32999999999999985
H12-1 full,"char(2,6)",2,0,0.5846153846153846,0.3599999999999998
H12-1 full,"char(2,6)",2,1,0.5866666666666667,0.28499999999999986
H12-1 full,"char(2,6)",2,2,0.6176470588235294,0.32999999999999985
H12-1 full,"char(2,6)",2,3,0.5675675675675675,0.32499999999999984
H12-1 full,"char(2,6)",2,4,0.6444444444444445,0.2549999999999999
H12-1 full,"char(2,6)",3,0,0.5869565217391305,0.2999999999999999
H12-1 full,"char(2,6)",3,1,0.5277777777777778,0.31499999999999984
H12-1 full,"char(2,6)",3,2,0.6086956521739131,0.22499999999999992
H12-1 full,"char(2,6)",3,3,0.6944444444444444,0.32499999999999984
H12-1 full,"char(2,6)",3,4,0.5825242718446602,0.2099999999999999
H12-1 full,"char(2,6)",4,0,0.5542168674698795,0.2499999999999999
H12-1 full,"char(2,6)",4,1,0.6336633663366337,0.22499999999999992
H12-1 full,"char(2,6)",4,2,0.5411764705882353,0.2699999999999999
H12-1 full,"char(2,6)",4,3,0.6097560975609756,0.32499999999999984
H12-1 full,"char(2,6)",4,4,0.7341772151898734,0.2949999999999999
H12-2 current,"char(2,6)",0,0,0.6071428571428571,0.2049999999999999
H12-2 current,"char(2,6)",0,1,0.6595744680851063,0.2549999999999999
H12-2 current,"char(2,6)",0,2,0.6052631578947368,0.2949999999999999
H12-2 current,"char(2,6)",0,3,0.5507246376811594,0.3099999999999999
H12-2 current,"char(2,6)",0,4,0.6436781609195402,0.2599999999999999
H12-2 current,"char(2,6)",1,0,0.627906976744186,0.27999999999999986
H12-2 current,"char(2,6)",1,1,0.6052631578947368,0.2999999999999999
H12-2 current,"char(2,6)",1,2,0.5783132530120482,0.28999999999999987
H12-2 current,"char(2,6)",1,3,0.6585365853658537,0.2599999999999999
H12-2 current,"char(2,6)",1,4,0.5797101449275363,0.32499999999999984
H12-2 current,"char(2,6)",2,0,0.6027397260273972,0.3099999999999999
H12-2 current,"char(2,6)",2,1,0.6052631578947368,0.28999999999999987
H12-2 current,"char(2,6)",2,2,0.5915492957746479,0.3049999999999999
H12-2 current,"char(2,6)",2,3,0.58,0.2499999999999999
H12-2 current,"char(2,6)",2,4,0.6571428571428571,0.31499999999999984
H12-2 current,"char(2,6)",3,0,0.5714285714285714,0.3049999999999999
H12-2 current,"char(2,6)",3,1,0.5161290322580645,0.2599999999999999
H12-2 current,"char(2,6)",3,2,0.5866666666666667,0.28499999999999986
H12-2 current,"char(2,6)",3,3,0.6976744186046512,0.2699999999999999
H12-2 current,"char(2,6)",3,4,0.5925925925925926,0.2749999999999999
H12-2 current,"char(2,6)",4,0,0.5813953488372093,0.2499999999999999
H12-2 current,"char(2,6)",4,1,0.6024096385542169,0.2749999999999999
H12-2 current,"char(2,6)",4,2,0.5373134328358209,0.31499999999999984
H12-2 current,"char(2,6)",4,3,0.6,0.3049999999999999
H12-2 current,"char(2,6)",4,4,0.7733333333333333,0.3049999999999999
H12-3 future,"char(2,6)",0,0,0.6060606060606061,0.23999999999999988
H12-3 future,"char(2,6)",0,1,0.6582278481012658,0.32499999999999984
H12-3 future,"char(2,6)",0,2,0.53125,0.34499999999999986
H12-3 future,"char(2,6)",0,3,0.5555555555555556,0.2999999999999999
H12-3 future,"char(2,6)",0,4,0.6197183098591549,0.3099999999999999
H12-3 future,"char(2,6)",1,0,0.6285714285714286,0.33999999999999986
H12-3 future,"char(2,6)",1,1,0.6153846153846154,0.2949999999999999
H12-3 future,"char(2,6)",1,2,0.5365853658536586,0.3099999999999999
H12-3 future,"char(2,6)",1,3,0.6170212765957447,0.22499999999999992
H12-3 future,"char(2,6)",1,4,0.6,0.2599999999999999
H12-3 future,"char(2,6)",2,0,0.5822784810126582,0.3099999999999999
H12-3 future,"char(2,6)",2,1,0.5714285714285714,0.22999999999999993
H12-3 future,"char(2,6)",2,2,0.5897435897435898,0.28999999999999987
H12-3 future,"char(2,6)",2,3,0.5714285714285714,0.22499999999999992
H12-3 future,"char(2,6)",2,4,0.6506024096385542,0.27999999999999986
H12-3 future,"char(2,6)",3,0,0.5773195876288659,0.2599999999999999
H12-3 future,"char(2,6)",3,1,0.5054945054945055,0.2549999999999999
H12-3 future,"char(2,6)",3,2,0.6,0.28999999999999987
H12-3 future,"char(2,6)",3,3,0.6933333333333334,0.3099999999999999
H12-3 future,"char(2,6)",3,4,0.5714285714285714,0.27999999999999986
H12-3 future,"char(2,6)",4,0,0.5301204819277109,0.2699999999999999
H12-3 future,"char(2,6)",4,1,0.62,0.21999999999999992
H12-3 future,"char(2,6)",4,2,0.5591397849462365,0.2499999999999999
H12-3 future,"char(2,6)",4,3,0.6133333333333333,0.3499999999999998
H12-3 future,"char(2,6)",4,4,0.7368421052631579,0.2949999999999999
H12-4 current|future,"char(2,6)",0,0,0.6140350877192983,0.17999999999999994
H12-4 current|future,"char(2,6)",0,1,0.6578947368421053,0.34499999999999986
H12-4 current|future,"char(2,6)",0,2,0.5675675675675675,0.3049999999999999
H12-4 current|future,"char(2,6)",0,3,0.5454545454545454,0.2949999999999999
H12-4 current|future,"char(2,6)",0,4,0.6530612244897959,0.2099999999999999
H12-4 current|future,"char(2,6)",1,0,0.6388888888888888,0.32999999999999985
H12-4 current|future,"char(2,6)",1,1,0.6105263157894737,0.23999999999999988
H12-4 current|future,"char(2,6)",1,2,0.575,0.32499999999999984
H12-4 current|future,"char(2,6)",1,3,0.6506024096385542,0.24499999999999988
H12-4 current|future,"char(2,6)",1,4,0.6133333333333333,0.33499999999999985
H12-4 current|future,"char(2,6)",2,0,0.6027397260273972,0.33499999999999985
H12-4 current|future,"char(2,6)",2,1,0.5934065934065934,0.23499999999999993
H12-4 current|future,"char(2,6)",2,2,0.6388888888888888,0.32499999999999984
H12-4 current|future,"char(2,6)",2,3,0.5714285714285714,0.3599999999999998
H12-4 current|future,"char(2,6)",2,4,0.6493506493506493,0.31499999999999984
H12-4 current|future,"char(2,6)",3,0,0.5777777777777777,0.2999999999999999
H12-4 current|future,"char(2,6)",3,1,0.525,0.28999999999999987
H12-4 current|future,"char(2,6)",3,2,0.6185567010309279,0.2049999999999999
H12-4 current|future,"char(2,6)",3,3,0.6923076923076923,0.3049999999999999
H12-4 current|future,"char(2,6)",3,4,0.5866666666666667,0.3049999999999999
H12-4 current|future,"char(2,6)",4,0,0.5434782608695652,0.21999999999999992
H12-4 current|future,"char(2,6)",4,1,0.6122448979591837,0.22999999999999993
H12-4 current|future,"char(2,6)",4,2,0.5567010309278351,0.23499999999999993
H12-4 current|future,"char(2,6)",4,3,0.6027397260273972,0.3599999999999998
H12-4 current|future,"char(2,6)",4,4,0.7631578947368421,0.32499999999999984
H12-5 full|future,"char(2,6)",0,0,0.6017699115044248,0.17499999999999993
H12-5 full|future,"char(2,6)",0,1,0.675,0.33499999999999985
H12-5 full|future,"char(2,6)",0,2,0.5194805194805194,0.3099999999999999
H12-5 full|future,"char(2,6)",0,3,0.55,0.2749999999999999
H12-5 full|future,"char(2,6)",0,4,0.6597938144329897,0.2049999999999999
H12-5 full|future,"char(2,6)",1,0,0.6301369863013698,0.33499999999999985
H12-5 full|future,"char(2,6)",1,1,0.5952380952380952,0.27999999999999986
H12-5 full|future,"char(2,6)",1,2,0.5432098765432098,0.32499999999999984
H12-5 full|future,"char(2,6)",1,3,0.6506024096385542,0.23999999999999988
H12-5 full|future,"char(2,6)",1,4,0.6216216216216216,0.33499999999999985
H12-5 full|future,"char(2,6)",2,0,0.5866666666666667,0.33499999999999985
H12-5 full|future,"char(2,6)",2,1,0.5747126436781609,0.24499999999999988
H12-5 full|future,"char(2,6)",2,2,0.6060606060606061,0.3499999999999998
H12-5 full|future,"char(2,6)",2,3,0.5714285714285714,0.31499999999999984
H12-5 full|future,"char(2,6)",2,4,0.6590909090909091,0.2499999999999999
H12-5 full|future,"char(2,6)",3,0,0.5686274509803921,0.24499999999999988
H12-5 full|future,"char(2,6)",3,1,0.5352112676056338,0.32499999999999984
H12-5 full|future,"char(2,6)",3,2,0.6024096385542169,0.2649999999999999
H12-5 full|future,"char(2,6)",3,3,0.684931506849315,0.3099999999999999
H12-5 full|future,"char(2,6)",3,4,0.5789473684210527,0.28499999999999986
H12-5 full|future,"char(2,6)",4,0,0.5365853658536586,0.2549999999999999
H12-5 full|future,"char(2,6)",4,1,0.6138613861386139,0.2099999999999999
H12-5 full|future,"char(2,6)",4,2,0.5510204081632653,0.23499999999999993
H12-5 full|future,"char(2,6)",4,3,0.6233766233766234,0.3549999999999998
H12-5 full|future,"char(2,6)",4,4,0.7368421052631579,0.31499999999999984
H12-6 full|current|future,"char(2,6)",0,0,0.6181818181818182,0.17999999999999994
H12-6 full|current|future,"char(2,6)",0,1,0.6582278481012658,0.32999999999999985
H12-6 full|current|future,"char(2,6)",0,2,0.56,0.2999999999999999
H12-6 full|current|future,"char(2,6)",0,3,0.55,0.2649999999999999
H12-6 full|current|future,"char(2,6)",0,4,0.6597938144329897,0.1999999999999999
H12-6 full|current|future,"char(2,6)",1,0,0.6301369863013698,0.33499999999999985
H12-6 full|current|future,"char(2,6)",1,1,0.6041666666666666,0.21999999999999992
H12-6 full|current|future,"char(2,6)",1,2,0.56,0.34499999999999986
H12-6 full|current|future,"char(2,6)",1,3,0.6511627906976745,0.22499999999999992
H12-6 full|current|future,"char(2,6)",1,4,0.6197183098591549,0.3549999999999998
H12-6 full|current|future,"char(2,6)",2,0,0.6027397260273972,0.34499999999999986
H12-6 full|current|future,"char(2,6)",2,1,0.6,0.22999999999999993
H12-6 full|current|future,"char(2,6)",2,2,0.6301369863013698,0.32499999999999984
H12-6 full|current|future,"char(2,6)",2,3,0.5897435897435898,0.32999999999999985
H12-6 full|current|future,"char(2,6)",2,4,0.6410256410256411,0.28499999999999986
H12-6 full|current|future,"char(2,6)",3,0,0.58,0.24499999999999988
H12-6 full|current|future,"char(2,6)",3,1,0.5365853658536586,0.27999999999999986
H12-6 full|current|future,"char(2,6)",3,2,0.6122448979591837,0.18499999999999994
H12-6 full|current|future,"char(2,6)",3,3,0.6987951807228916,0.27999999999999986
H12-6 full|current|future,"char(2,6)",3,4,0.5813953488372093,0.23499999999999993
H12-6 full|current|future,"char(2,6)",4,0,0.5494505494505495,0.2149999999999999
H12-6 full|current|future,"char(2,6)",4,1,0.6095238095238096,0.18499999999999994
H12-6 full|current|future,"char(2,6)",4,2,0.5567010309278351,0.22999999999999993
H12-6 full|current|future,"char(2,6)",4,3,0.5882352941176471,0.31999999999999984
H12-6 full|current|future,"char(2,6)",4,4,0.7532467532467533,0.31499999999999984
